index_0,sample,value
0,0,1
1,0,0
2,0,1
3,0,0
0,1,1
1,1,0
2,1,1
3,1,1
0,2,0
1,2,0
2,2,1
3,2,1
0,3,1
1,3,1
2,3,1
3,3,0
0,4,1
1,4,0
2,4,1
3,4,1
0,5,0
1,5,1
2,5,1
3,5,0
0,6,1
1,6,0
2,6,1
3,6,0
0,7,1
1,7,1
2,7,1
3,7,0
0,8,1
1,8,1
2,8,1
3,8,1
0,9,1
1,9,0
2,9,0
3,9,0
0,10,1
1,10,1
2,10,1
3,10,0
0,11,1
1,11,0
2,11,0
3,11,0
0,12,1
1,12,0
2,12,1
3,12,0
0,13,1
1,13,1
2,13,1
3,13,0
0,14,0
1,14,0
2,14,1
3,14,1
0,15,1
1,15,1
2,15,0
3,15,0
0,16,0
1,16,0
2,16,0
3,16,0
0,17,1
1,17,1
2,17,1
3,17,0
0,18,1
1,18,1
2,18,1
3,18,0
0,19,1
1,19,1
2,19,1
3,19,0
0,20,0
1,20,0
2,20,0
3,20,0
0,21,1
1,21,0
2,21,1
3,21,0
0,22,0
1,22,1
2,22,1
3,22,0
0,23,1
1,23,1
2,23,1
3,23,0
0,24,1
1,24,0
2,24,1
3,24,0
0,25,1
1,25,1
2,25,1
3,25,0
0,26,1
1,26,1
2,26,1
3,26,1
0,27,0
1,27,0
2,27,1
3,27,0
0,28,1
1,28,1
2,28,1
3,28,0
0,29,1
1,29,1
2,29,1
3,29,0
0,30,1
1,30,0
2,30,1
3,30,0
0,31,1
1,31,0
2,31,1
3,31,0
0,32,0
1,32,0
2,32,1
3,32,1
0,33,0
1,33,0
2,33,0
3,33,0
0,34,1
1,34,0
2,34,0
3,34,0
0,35,1
1,35,1
2,35,1
3,35,0
0,36,1
1,36,1
2,36,1
3,36,0
0,37,1
1,37,1
2,37,1
3,37,0
0,38,1
1,38,0
2,38,0
3,38,1
0,39,1
1,39,0
2,39,1
3,39,0
0,40,0
1,40,0
2,40,1
3,40,0
0,41,1
1,41,1
2,41,1
3,41,1
0,42,1
1,42,1
2,42,1
3,42,1
0,43,1
1,43,0
2,43,1
3,43,0
0,44,1
1,44,1
2,44,1
3,44,1
0,45,0
1,45,0
2,45,1
3,45,0
0,46,1
1,46,1
2,46,0
3,46,0
0,47,1
1,47,1
2,47,0
3,47,0
0,48,1
1,48,1
2,48,1
3,48,1
0,49,0
1,49,0
2,49,1
3,49,0
0,50,1
1,50,1
2,50,1
3,50,1
0,51,1
1,51,1
2,51,1
3,51,0
0,52,1
1,52,0
2,52,1
3,52,1
0,53,1
1,53,0
2,53,1
3,53,0
0,54,0
1,54,0
2,54,1
3,54,1
0,55,1
1,55,1
2,55,1
3,55,0
0,56,1
1,56,1
2,56,1
3,56,0
0,57,0
1,57,1
2,57,1
3,57,0
0,58,1
1,58,1
2,58,1
3,58,1
0,59,1
1,59,0
2,59,1
3,59,1
0,60,1
1,60,1
2,60,0
3,60,0
0,61,1
1,61,1
2,61,1
3,61,1
0,62,1
1,62,0
2,62,0
3,62,0
0,63,1
1,63,1
2,63,1
3,63,1
0,64,1
1,64,1
2,64,1
3,64,0
0,65,1
1,65,0
2,65,0
3,65,0
0,66,1
1,66,1
2,66,0
3,66,0
0,67,1
1,67,1
2,67,1
3,67,1
0,68,1
1,68,1
2,68,1
3,68,0
0,69,1
1,69,0
2,69,1
3,69,0
0,70,1
1,70,0
2,70,0
3,70,0
0,71,1
1,71,1
2,71,1
3,71,0
0,72,1
1,72,0
2,72,1
3,72,1
0,73,1
1,73,0
2,73,1
3,73,0
0,74,1
1,74,0
2,74,1
3,74,0
0,75,1
1,75,0
2,75,1
3,75,1
0,76,0
1,76,0
2,76,1
3,76,0
0,77,1
1,77,0
2,77,0
3,77,0
0,78,0
1,78,0
2,78,0
3,78,0
0,79,1
1,79,1
2,79,1
3,79,1
0,80,1
1,80,1
2,80,1
3,80,0
0,81,1
1,81,0
2,81,1
3,81,0
0,82,1
1,82,1
2,82,1
3,82,1
0,83,1
1,83,1
2,83,1
3,83,0
0,84,1
1,84,0
2,84,1
3,84,0
0,85,1
1,85,0
2,85,1
3,85,0
0,86,1
1,86,1
2,86,1
3,86,0
0,87,1
1,87,1
2,87,1
3,87,0
0,88,1
1,88,1
2,88,1
3,88,0
0,89,1
1,89,0
2,89,1
3,89,0
0,90,1
1,90,1
2,90,1
3,90,0
0,91,1
1,91,1
2,91,0
3,91,0
0,92,1
1,92,1
2,92,0
3,92,0
0,93,1
1,93,1
2,93,1
3,93,0
0,94,1
1,94,1
2,94,1
3,94,0
0,95,1
1,95,1
2,95,1
3,95,0
0,96,1
1,96,0
2,96,1
3,96,0
0,97,1
1,97,1
2,97,1
3,97,0
0,98,1
1,98,1
2,98,0
3,98,0
0,99,1
1,99,0
2,99,1
3,99,1
0,100,1
1,100,0
2,100,0
3,100,0
0,101,1
1,101,1
2,101,1
3,101,0
0,102,1
1,102,0
2,102,0
3,102,0
0,103,1
1,103,0
2,103,1
3,103,0
0,104,1
1,104,0
2,104,1
3,104,0
0,105,1
1,105,1
2,105,1
3,105,0
0,106,1
1,106,0
2,106,1
3,106,0
0,107,0
1,107,0
2,107,1
3,107,0
0,108,1
1,108,1
2,108,1
3,108,0
0,109,0
1,109,0
2,109,0
3,109,1
0,110,1
1,110,1
2,110,1
3,110,0
0,111,1
1,111,0
2,111,0
3,111,1
0,112,1
1,112,1
2,112,1
3,112,0
0,113,0
1,113,0
2,113,0
3,113,0
0,114,0
1,114,0
2,114,1
3,114,0
0,115,1
1,115,1
2,115,1
3,115,0
0,116,1
1,116,0
2,116,0
3,116,0
0,117,1
1,117,1
2,117,1
3,117,1
0,118,1
1,118,0
2,118,1
3,118,0
0,119,0
1,119,0
2,119,1
3,119,1
0,120,0
1,120,0
2,120,1
3,120,0
0,121,1
1,121,0
2,121,1
3,121,1
0,122,1
1,122,0
2,122,1
3,122,0
0,123,1
1,123,1
2,123,1
3,123,0
0,124,1
1,124,0
2,124,1
3,124,0
0,125,1
1,125,0
2,125,1
3,125,0
0,126,1
1,126,1
2,126,1
3,126,0
0,127,1
1,127,0
2,127,1
3,127,0
0,128,1
1,128,1
2,128,1
3,128,0
0,129,0
1,129,0
2,129,0
3,129,0
0,130,1
1,130,1
2,130,0
3,130,1
0,131,1
1,131,1
2,131,1
3,131,0
0,132,1
1,132,1
2,132,1
3,132,0
0,133,1
1,133,1
2,133,1
3,133,0
0,134,1
1,134,1
2,134,1
3,134,1
0,135,1
1,135,1
2,135,1
3,135,1
0,136,1
1,136,0
2,136,0
3,136,1
0,137,1
1,137,1
2,137,1
3,137,0
0,138,0
1,138,0
2,138,1
3,138,0
0,139,1
1,139,1
2,139,1
3,139,1
0,140,1
1,140,1
2,140,1
3,140,0
0,141,1
1,141,1
2,141,1
3,141,0
0,142,1
1,142,0
2,142,1
3,142,0
0,143,1
1,143,1
2,143,1
3,143,0
0,144,1
1,144,1
2,144,1
3,144,0
0,145,1
1,145,1
2,145,1
3,145,1
0,146,0
1,146,0
2,146,1
3,146,0
0,147,1
1,147,0
2,147,0
3,147,0
0,148,1
1,148,0
2,148,0
3,148,0
0,149,1
1,149,0
2,149,0
3,149,0
0,150,1
1,150,0
2,150,1
3,150,0
0,151,1
1,151,1
2,151,1
3,151,0
0,152,0
1,152,0
2,152,0
3,152,0
0,153,1
1,153,0
2,153,1
3,153,0
0,154,0
1,154,0
2,154,1
3,154,0
0,155,1
1,155,1
2,155,1
3,155,1
0,156,1
1,156,1
2,156,1
3,156,0
0,157,1
1,157,1
2,157,1
3,157,1
0,158,1
1,158,1
2,158,1
3,158,0
0,159,1
1,159,1
2,159,1
3,159,1
0,160,1
1,160,1
2,160,0
3,160,0
0,161,1
1,161,0
2,161,0
3,161,0
0,162,1
1,162,0
2,162,0
3,162,0
0,163,0
1,163,0
2,163,0
3,163,0
0,164,1
1,164,0
2,164,0
3,164,0
0,165,0
1,165,0
2,165,1
3,165,0
0,166,1
1,166,1
2,166,1
3,166,0
0,167,0
1,167,0
2,167,1
3,167,0
0,168,1
1,168,0
2,168,0
3,168,0
0,169,1
1,169,0
2,169,1
3,169,0
0,170,1
1,170,1
2,170,1
3,170,0
0,171,1
1,171,1
2,171,1
3,171,0
0,172,0
1,172,0
2,172,1
3,172,0
0,173,1
1,173,1
2,173,1
3,173,0
0,174,1
1,174,1
2,174,1
3,174,0
0,175,1
1,175,1
2,175,1
3,175,0
0,176,1
1,176,1
2,176,1
3,176,0
0,177,0
1,177,1
2,177,1
3,177,0
0,178,1
1,178,1
2,178,1
3,178,0
0,179,1
1,179,0
2,179,1
3,179,0
0,180,1
1,180,0
2,180,0
3,180,1
0,181,0
1,181,0
2,181,0
3,181,0
0,182,1
1,182,0
2,182,1
3,182,0
0,183,1
1,183,1
2,183,1
3,183,0
0,184,0
1,184,0
2,184,1
3,184,0
0,185,1
1,185,1
2,185,1
3,185,0
0,186,1
1,186,0
2,186,1
3,186,0
0,187,1
1,187,0
2,187,1
3,187,0
0,188,1
1,188,1
2,188,1
3,188,0
0,189,1
1,189,0
2,189,0
3,189,0
0,190,1
1,190,1
2,190,1
3,190,1
0,191,1
1,191,0
2,191,1
3,191,0
0,192,1
1,192,1
2,192,1
3,192,0
0,193,1
1,193,0
2,193,0
3,193,0
0,194,1
1,194,0
2,194,0
3,194,0
0,195,1
1,195,1
2,195,1
3,195,0
0,196,1
1,196,0
2,196,0
3,196,0
0,197,1
1,197,0
2,197,0
3,197,0
0,198,1
1,198,0
2,198,1
3,198,0
0,199,1
1,199,0
2,199,1
3,199,0
0,200,1
1,200,0
2,200,1
3,200,0
0,201,1
1,201,1
2,201,1
3,201,1
0,202,1
1,202,1
2,202,1
3,202,0
0,203,0
1,203,0
2,203,0
3,203,0
0,204,1
1,204,1
2,204,1
3,204,0
0,205,1
1,205,0
2,205,0
3,205,0
0,206,0
1,206,0
2,206,1
3,206,0
0,207,1
1,207,0
2,207,1
3,207,0
0,208,0
1,208,0
2,208,1
3,208,0
0,209,1
1,209,0
2,209,1
3,209,0
0,210,1
1,210,0
2,210,1
3,210,0
0,211,1
1,211,0
2,211,1
3,211,1
0,212,0
1,212,1
2,212,1
3,212,1
0,213,1
1,213,1
2,213,0
3,213,0
0,214,1
1,214,1
2,214,1
3,214,0
0,215,1
1,215,0
2,215,1
3,215,0
0,216,1
1,216,0
2,216,0
3,216,0
0,217,1
1,217,0
2,217,1
3,217,0
0,218,1
1,218,1
2,218,0
3,218,0
0,219,0
1,219,1
2,219,1
3,219,1
0,220,1
1,220,0
2,220,1
3,220,0
0,221,1
1,221,1
2,221,1
3,221,0
0,222,1
1,222,0
2,222,1
3,222,0
0,223,1
1,223,1
2,223,0
3,223,0
0,224,1
1,224,1
2,224,1
3,224,0
0,225,1
1,225,1
2,225,1
3,225,0
0,226,0
1,226,0
2,226,0
3,226,0
0,227,1
1,227,0
2,227,1
3,227,0
0,228,1
1,228,0
2,228,0
3,228,0
0,229,1
1,229,1
2,229,1
3,229,0
0,230,0
1,230,0
2,230,1
3,230,0
0,231,1
1,231,1
2,231,1
3,231,1
0,232,1
1,232,0
2,232,1
3,232,0
0,233,1
1,233,1
2,233,1
3,233,1
0,234,1
1,234,0
2,234,1
3,234,0
0,235,1
1,235,0
2,235,1
3,235,0
0,236,1
1,236,1
2,236,1
3,236,0
0,237,1
1,237,0
2,237,0
3,237,0
0,238,1
1,238,0
2,238,0
3,238,0
0,239,1
1,239,0
2,239,1
3,239,0
0,240,1
1,240,1
2,240,0
3,240,0
0,241,1
1,241,1
2,241,1
3,241,0
0,242,1
1,242,1
2,242,1
3,242,1
0,243,1
1,243,1
2,243,0
3,243,0
0,244,1
1,244,0
2,244,0
3,244,0
0,245,0
1,245,0
2,245,0
3,245,1
0,246,1
1,246,1
2,246,1
3,246,0
0,247,1
1,247,1
2,247,1
3,247,0
0,248,1
1,248,1
2,248,1
3,248,0
0,249,1
1,249,0
2,249,1
3,249,1
0,250,1
1,250,1
2,250,0
3,250,0
0,251,1
1,251,0
2,251,0
3,251,0
0,252,0
1,252,0
2,252,1
3,252,0
0,253,1
1,253,1
2,253,1
3,253,0
0,254,0
1,254,0
2,254,1
3,254,1
0,255,1
1,255,0
2,255,0
3,255,0
0,256,1
1,256,0
2,256,0
3,256,1
0,257,1
1,257,1
2,257,1
3,257,0
0,258,1
1,258,1
2,258,1
3,258,0
0,259,1
1,259,1
2,259,1
3,259,1
0,260,1
1,260,0
2,260,1
3,260,0
0,261,1
1,261,1
2,261,1
3,261,0
0,262,1
1,262,0
2,262,1
3,262,0
0,263,1
1,263,0
2,263,1
3,263,1
0,264,1
1,264,0
2,264,0
3,264,0
0,265,1
1,265,0
2,265,1
3,265,0
0,266,0
1,266,0
2,266,1
3,266,0
0,267,1
1,267,0
2,267,1
3,267,1
0,268,1
1,268,0
2,268,0
3,268,0
0,269,1
1,269,1
2,269,1
3,269,0
0,270,0
1,270,0
2,270,1
3,270,0
0,271,1
1,271,1
2,271,1
3,271,0
0,272,1
1,272,0
2,272,1
3,272,0
0,273,1
1,273,0
2,273,0
3,273,0
0,274,1
1,274,1
2,274,1
3,274,0
0,275,1
1,275,0
2,275,1
3,275,0
0,276,1
1,276,1
2,276,0
3,276,1
0,277,1
1,277,1
2,277,1
3,277,0
0,278,1
1,278,0
2,278,1
3,278,0
0,279,0
1,279,0
2,279,1
3,279,0
0,280,1
1,280,0
2,280,0
3,280,0
0,281,0
1,281,0
2,281,1
3,281,1
0,282,1
1,282,0
2,282,1
3,282,0
0,283,1
1,283,1
2,283,1
3,283,0
0,284,1
1,284,1
2,284,0
3,284,0
0,285,0
1,285,1
2,285,1
3,285,0
0,286,0
1,286,0
2,286,1
3,286,0
0,287,1
1,287,1
2,287,1
3,287,0
0,288,1
1,288,0
2,288,0
3,288,0
0,289,1
1,289,0
2,289,0
3,289,0
0,290,1
1,290,1
2,290,1
3,290,0
0,291,1
1,291,1
2,291,1
3,291,1
0,292,1
1,292,0
2,292,0
3,292,0
0,293,1
1,293,0
2,293,0
3,293,0
0,294,0
1,294,0
2,294,0
3,294,0
0,295,1
1,295,1
2,295,1
3,295,0
0,296,0
1,296,0
2,296,1
3,296,0
0,297,1
1,297,1
2,297,1
3,297,0
0,298,1
1,298,0
2,298,1
3,298,0
0,299,1
1,299,0
2,299,1
3,299,1
0,300,0
1,300,0
2,300,1
3,300,0
0,301,1
1,301,1
2,301,1
3,301,0
0,302,1
1,302,0
2,302,0
3,302,0
0,303,0
1,303,0
2,303,1
3,303,0
0,304,1
1,304,0
2,304,0
3,304,0
0,305,1
1,305,1
2,305,1
3,305,0
0,306,1
1,306,0
2,306,1
3,306,0
0,307,1
1,307,1
2,307,1
3,307,0
0,308,1
1,308,0
2,308,1
3,308,0
0,309,1
1,309,0
2,309,1
3,309,1
0,310,1
1,310,0
2,310,0
3,310,0
0,311,1
1,311,1
2,311,1
3,311,0
0,312,1
1,312,0
2,312,0
3,312,0
0,313,1
1,313,0
2,313,1
3,313,0
0,314,0
1,314,0
2,314,0
3,314,0
0,315,0
1,315,0
2,315,0
3,315,1
0,316,1
1,316,0
2,316,1
3,316,0
0,317,1
1,317,1
2,317,1
3,317,0
0,318,1
1,318,0
2,318,0
3,318,0
0,319,1
1,319,1
2,319,0
3,319,0
0,320,1
1,320,0
2,320,1
3,320,0
0,321,0
1,321,0
2,321,1
3,321,0
0,322,1
1,322,0
2,322,1
3,322,0
0,323,1
1,323,0
2,323,1
3,323,0
0,324,1
1,324,1
2,324,1
3,324,0
0,325,1
1,325,0
2,325,1
3,325,0
0,326,1
1,326,1
2,326,1
3,326,0
0,327,0
1,327,0
2,327,1
3,327,0
0,328,0
1,328,0
2,328,1
3,328,0
0,329,0
1,329,0
2,329,0
3,329,0
0,330,1
1,330,1
2,330,1
3,330,0
0,331,1
1,331,0
2,331,1
3,331,0
0,332,1
1,332,0
2,332,1
3,332,0
0,333,1
1,333,1
2,333,1
3,333,0
0,334,0
1,334,0
2,334,1
3,334,0
0,335,1
1,335,1
2,335,1
3,335,0
0,336,1
1,336,1
2,336,1
3,336,0
0,337,0
1,337,1
2,337,1
3,337,0
0,338,1
1,338,1
2,338,1
3,338,0
0,339,1
1,339,0
2,339,1
3,339,0
0,340,1
1,340,1
2,340,1
3,340,0
0,341,1
1,341,0
2,341,1
3,341,1
0,342,1
1,342,1
2,342,1
3,342,0
0,343,1
1,343,0
2,343,1
3,343,0
0,344,1
1,344,0
2,344,1
3,344,0
0,345,1
1,345,0
2,345,1
3,345,0
0,346,1
1,346,0
2,346,1
3,346,0
0,347,1
1,347,0
2,347,1
3,347,0
0,348,1
1,348,1
2,348,1
3,348,1
0,349,1
1,349,0
2,349,1
3,349,0
0,350,1
1,350,1
2,350,1
3,350,0
0,351,1
1,351,1
2,351,1
3,351,0
0,352,1
1,352,1
2,352,1
3,352,0
0,353,1
1,353,1
2,353,1
3,353,0
0,354,1
1,354,1
2,354,0
3,354,0
0,355,1
1,355,0
2,355,0
3,355,0
0,356,0
1,356,0
2,356,1
3,356,0
0,357,1
1,357,0
2,357,1
3,357,1
0,358,1
1,358,0
2,358,0
3,358,0
0,359,1
1,359,0
2,359,1
3,359,1
0,360,1
1,360,1
2,360,1
3,360,0
0,361,1
1,361,0
2,361,1
3,361,0
0,362,1
1,362,0
2,362,1
3,362,0
0,363,1
1,363,1
2,363,1
3,363,0
0,364,1
1,364,0
2,364,1
3,364,0
0,365,0
1,365,0
2,365,1
3,365,0
0,366,1
1,366,1
2,366,1
3,366,1
0,367,0
1,367,0
2,367,1
3,367,0
0,368,1
1,368,0
2,368,0
3,368,0
0,369,0
1,369,0
2,369,1
3,369,0
0,370,1
1,370,0
2,370,0
3,370,0
0,371,1
1,371,1
2,371,1
3,371,1
0,372,0
1,372,1
2,372,0
3,372,0
0,373,1
1,373,0
2,373,1
3,373,0
0,374,1
1,374,0
2,374,1
3,374,0
0,375,1
1,375,1
2,375,1
3,375,0
0,376,0
1,376,1
2,376,1
3,376,0
0,377,1
1,377,0
2,377,0
3,377,0
0,378,0
1,378,0
2,378,1
3,378,0
0,379,1
1,379,0
2,379,1
3,379,0
0,380,0
1,380,0
2,380,0
3,380,1
0,381,1
1,381,0
2,381,1
3,381,0
0,382,1
1,382,0
2,382,1
3,382,0
0,383,1
1,383,0
2,383,1
3,383,0
0,384,1
1,384,0
2,384,0
3,384,0
0,385,1
1,385,0
2,385,1
3,385,0
0,386,1
1,386,0
2,386,0
3,386,0
0,387,1
1,387,1
2,387,1
3,387,0
0,388,1
1,388,1
2,388,1
3,388,1
0,389,1
1,389,1
2,389,1
3,389,0
0,390,1
1,390,0
2,390,0
3,390,0
0,391,1
1,391,0
2,391,1
3,391,0
0,392,1
1,392,0
2,392,1
3,392,0
0,393,1
1,393,0
2,393,0
3,393,1
0,394,0
1,394,0
2,394,0
3,394,0
0,395,1
1,395,1
2,395,1
3,395,0
0,396,1
1,396,0
2,396,1
3,396,1
0,397,0
1,397,0
2,397,0
3,397,0
0,398,1
1,398,1
2,398,1
3,398,0
0,399,1
1,399,1
2,399,1
3,399,0
0,400,0
1,400,0
2,400,1
3,400,1
0,401,1
1,401,1
2,401,1
3,401,1
0,402,1
1,402,1
2,402,1
3,402,0
0,403,1
1,403,1
2,403,1
3,403,0
0,404,1
1,404,1
2,404,0
3,404,0
0,405,1
1,405,0
2,405,0
3,405,1
0,406,1
1,406,1
2,406,0
3,406,0
0,407,1
1,407,0
2,407,1
3,407,0
0,408,1
1,408,1
2,408,1
3,408,0
0,409,1
1,409,0
2,409,0
3,409,0
0,410,1
1,410,1
2,410,0
3,410,0
0,411,1
1,411,0
2,411,1
3,411,0
0,412,0
1,412,0
2,412,1
3,412,0
0,413,1
1,413,1
2,413,1
3,413,0
0,414,1
1,414,0
2,414,1
3,414,0
0,415,1
1,415,1
2,415,1
3,415,1
0,416,1
1,416,1
2,416,1
3,416,1
0,417,1
1,417,1
2,417,1
3,417,0
0,418,1
1,418,1
2,418,1
3,418,1
0,419,1
1,419,1
2,419,0
3,419,0
0,420,1
1,420,1
2,420,1
3,420,0
0,421,1
1,421,1
2,421,1
3,421,0
0,422,1
1,422,0
2,422,1
3,422,0
0,423,1
1,423,0
2,423,1
3,423,0
0,424,1
1,424,0
2,424,0
3,424,0
0,425,1
1,425,1
2,425,1
3,425,0
0,426,0
1,426,0
2,426,0
3,426,0
0,427,1
1,427,1
2,427,0
3,427,1
0,428,1
1,428,1
2,428,1
3,428,0
0,429,1
1,429,1
2,429,1
3,429,0
0,430,0
1,430,0
2,430,1
3,430,0
0,431,1
1,431,1
2,431,1
3,431,0
0,432,1
1,432,0
2,432,1
3,432,0
0,433,0
1,433,0
2,433,1
3,433,0
0,434,0
1,434,0
2,434,0
3,434,0
0,435,1
1,435,1
2,435,1
3,435,0
0,436,0
1,436,0
2,436,1
3,436,0
0,437,1
1,437,0
2,437,1
3,437,1
0,438,0
1,438,0
2,438,1
3,438,0
0,439,1
1,439,1
2,439,1
3,439,1
0,440,1
1,440,1
2,440,1
3,440,0
0,441,1
1,441,1
2,441,1
3,441,0
0,442,1
1,442,1
2,442,1
3,442,0
0,443,1
1,443,1
2,443,1
3,443,0
0,444,1
1,444,1
2,444,0
3,444,0
0,445,0
1,445,1
2,445,1
3,445,0
0,446,1
1,446,1
2,446,1
3,446,1
0,447,1
1,447,1
2,447,1
3,447,0
0,448,1
1,448,0
2,448,1
3,448,0
0,449,1
1,449,1
2,449,1
3,449,1
0,450,1
1,450,1
2,450,1
3,450,0
0,451,0
1,451,0
2,451,1
3,451,1
0,452,1
1,452,1
2,452,1
3,452,1
0,453,0
1,453,0
2,453,0
3,453,0
0,454,1
1,454,1
2,454,0
3,454,0
0,455,1
1,455,1
2,455,0
3,455,0
0,456,1
1,456,1
2,456,0
3,456,0
0,457,1
1,457,0
2,457,1
3,457,0
0,458,0
1,458,0
2,458,1
3,458,0
0,459,1
1,459,1
2,459,1
3,459,1
0,460,1
1,460,0
2,460,0
3,460,0
0,461,1
1,461,1
2,461,0
3,461,0
0,462,1
1,462,0
2,462,1
3,462,0
0,463,1
1,463,1
2,463,1
3,463,1
0,464,1
1,464,0
2,464,1
3,464,0
0,465,1
1,465,1
2,465,1
3,465,0
0,466,1
1,466,0
2,466,0
3,466,0
0,467,1
1,467,1
2,467,1
3,467,0
0,468,0
1,468,0
2,468,1
3,468,0
0,469,1
1,469,0
2,469,0
3,469,0
0,470,1
1,470,1
2,470,1
3,470,0
0,471,1
1,471,1
2,471,1
3,471,0
0,472,1
1,472,1
2,472,1
3,472,0
0,473,1
1,473,1
2,473,1
3,473,0
0,474,1
1,474,1
2,474,0
3,474,0
0,475,1
1,475,0
2,475,0
3,475,0
0,476,0
1,476,1
2,476,1
3,476,0
0,477,1
1,477,1
2,477,1
3,477,1
0,478,1
1,478,0
2,478,1
3,478,1
0,479,1
1,479,0
2,479,0
3,479,0
0,480,1
1,480,1
2,480,1
3,480,1
0,481,1
1,481,0
2,481,1
3,481,0
0,482,1
1,482,1
2,482,1
3,482,0
0,483,1
1,483,0
2,483,1
3,483,0
0,484,1
1,484,0
2,484,0
3,484,0
0,485,1
1,485,1
2,485,1
3,485,1
0,486,1
1,486,1
2,486,1
3,486,0
0,487,0
1,487,0
2,487,1
3,487,1
0,488,1
1,488,0
2,488,1
3,488,0
0,489,1
1,489,0
2,489,0
3,489,0
0,490,1
1,490,1
2,490,1
3,490,0
0,491,1
1,491,0
2,491,1
3,491,0
0,492,1
1,492,0
2,492,1
3,492,1
0,493,1
1,493,0
2,493,1
3,493,0
0,494,1
1,494,0
2,494,1
3,494,1
0,495,1
1,495,0
2,495,1
3,495,0
0,496,1
1,496,0
2,496,1
3,496,0
0,497,0
1,497,1
2,497,0
3,497,0
0,498,1
1,498,1
2,498,0
3,498,0
0,499,1
1,499,1
2,499,1
3,499,1
0,500,0
1,500,1
2,500,1
3,500,1
0,501,1
1,501,1
2,501,1
3,501,0
0,502,1
1,502,1
2,502,0
3,502,0
0,503,1
1,503,1
2,503,1
3,503,0
0,504,0
1,504,1
2,504,1
3,504,0
0,505,1
1,505,1
2,505,1
3,505,0
0,506,1
1,506,0
2,506,0
3,506,0
0,507,1
1,507,0
2,507,0
3,507,0
0,508,1
1,508,1
2,508,1
3,508,0
0,509,1
1,509,0
2,509,1
3,509,0
0,510,0
1,510,0
2,510,1
3,510,0
0,511,1
1,511,0
2,511,1
3,511,0
0,512,1
1,512,1
2,512,1
3,512,0
0,513,1
1,513,0
2,513,0
3,513,0
0,514,1
1,514,1
2,514,1
3,514,1
0,515,1
1,515,0
2,515,1
3,515,0
0,516,1
1,516,0
2,516,0
3,516,0
0,517,1
1,517,0
2,517,0
3,517,0
0,518,0
1,518,0
2,518,1
3,518,0
0,519,1
1,519,0
2,519,1
3,519,1
0,520,1
1,520,0
2,520,1
3,520,0
0,521,1
1,521,1
2,521,1
3,521,0
0,522,1
1,522,1
2,522,1
3,522,0
0,523,1
1,523,1
2,523,1
3,523,0
0,524,1
1,524,0
2,524,1
3,524,0
0,525,1
1,525,1
2,525,1
3,525,0
0,526,1
1,526,0
2,526,1
3,526,0
0,527,1
1,527,1
2,527,1
3,527,1
0,528,0
1,528,0
2,528,1
3,528,0
0,529,1
1,529,0
2,529,1
3,529,1
0,530,1
1,530,1
2,530,1
3,530,0
0,531,1
1,531,0
2,531,0
3,531,0
0,532,1
1,532,0
2,532,0
3,532,0
0,533,1
1,533,0
2,533,1
3,533,0
0,534,0
1,534,0
2,534,0
3,534,0
0,535,1
1,535,0
2,535,1
3,535,1
0,536,0
1,536,1
2,536,1
3,536,0
0,537,1
1,537,1
2,537,0
3,537,0
0,538,1
1,538,0
2,538,1
3,538,0
0,539,1
1,539,1
2,539,1
3,539,1
0,540,1
1,540,0
2,540,1
3,540,0
0,541,0
1,541,0
2,541,1
3,541,0
0,542,0
1,542,0
2,542,0
3,542,0
0,543,0
1,543,0
2,543,1
3,543,0
0,544,1
1,544,1
2,544,1
3,544,0
0,545,1
1,545,1
2,545,1
3,545,0
0,546,1
1,546,1
2,546,1
3,546,0
0,547,0
1,547,0
2,547,0
3,547,0
0,548,1
1,548,1
2,548,1
3,548,0
0,549,1
1,549,0
2,549,1
3,549,1
0,550,0
1,550,0
2,550,1
3,550,0
0,551,1
1,551,0
2,551,1
3,551,0
0,552,1
1,552,0
2,552,0
3,552,0
0,553,1
1,553,1
2,553,1
3,553,1
0,554,1
1,554,1
2,554,1
3,554,1
0,555,1
1,555,1
2,555,1
3,555,1
0,556,1
1,556,0
2,556,1
3,556,1
0,557,1
1,557,0
2,557,0
3,557,0
0,558,1
1,558,1
2,558,1
3,558,0
0,559,0
1,559,0
2,559,0
3,559,0
0,560,1
1,560,1
2,560,1
3,560,1
0,561,1
1,561,0
2,561,0
3,561,0
0,562,0
1,562,0
2,562,1
3,562,0
0,563,1
1,563,0
2,563,1
3,563,0
0,564,1
1,564,1
2,564,1
3,564,0
0,565,1
1,565,1
2,565,1
3,565,0
0,566,1
1,566,1
2,566,1
3,566,0
0,567,1
1,567,1
2,567,1
3,567,0
0,568,1
1,568,1
2,568,1
3,568,0
0,569,1
1,569,0
2,569,1
3,569,1
0,570,1
1,570,1
2,570,1
3,570,0
0,571,1
1,571,1
2,571,1
3,571,0
0,572,1
1,572,1
2,572,1
3,572,0
0,573,0
1,573,0
2,573,1
3,573,0
0,574,0
1,574,1
2,574,0
3,574,0
0,575,1
1,575,0
2,575,1
3,575,0
0,576,1
1,576,1
2,576,1
3,576,0
0,577,1
1,577,0
2,577,0
3,577,1
0,578,1
1,578,1
2,578,1
3,578,0
0,579,1
1,579,0
2,579,1
3,579,0
0,580,1
1,580,1
2,580,1
3,580,0
0,581,1
1,581,0
2,581,1
3,581,0
0,582,1
1,582,0
2,582,1
3,582,0
0,583,1
1,583,0
2,583,0
3,583,0
0,584,1
1,584,0
2,584,0
3,584,0
0,585,1
1,585,1
2,585,1
3,585,0
0,586,1
1,586,0
2,586,1
3,586,0
0,587,1
1,587,0
2,587,0
3,587,0
0,588,1
1,588,0
2,588,1
3,588,0
0,589,1
1,589,1
2,589,1
3,589,0
0,590,1
1,590,1
2,590,1
3,590,0
0,591,0
1,591,0
2,591,0
3,591,0
0,592,1
1,592,0
2,592,1
3,592,1
0,593,1
1,593,0
2,593,1
3,593,1
0,594,1
1,594,0
2,594,0
3,594,0
0,595,1
1,595,1
2,595,1
3,595,1
0,596,0
1,596,1
2,596,1
3,596,0
0,597,1
1,597,0
2,597,0
3,597,0
0,598,1
1,598,1
2,598,1
3,598,0
0,599,0
1,599,0
2,599,1
3,599,0
0,600,1
1,600,0
2,600,1
3,600,0
0,601,1
1,601,0
2,601,1
3,601,0
0,602,1
1,602,0
2,602,0
3,602,0
0,603,1
1,603,0
2,603,1
3,603,0
0,604,0
1,604,0
2,604,1
3,604,0
0,605,1
1,605,0
2,605,1
3,605,0
0,606,1
1,606,1
2,606,1
3,606,0
0,607,1
1,607,0
2,607,1
3,607,0
0,608,0
1,608,1
2,608,1
3,608,0
0,609,1
1,609,0
2,609,1
3,609,0
0,610,1
1,610,1
2,610,1
3,610,0
0,611,0
1,611,1
2,611,1
3,611,1
0,612,0
1,612,0
2,612,1
3,612,1
0,613,0
1,613,0
2,613,1
3,613,0
0,614,0
1,614,0
2,614,1
3,614,0
0,615,1
1,615,0
2,615,0
3,615,0
0,616,0
1,616,1
2,616,1
3,616,0
0,617,0
1,617,0
2,617,0
3,617,1
0,618,0
1,618,0
2,618,1
3,618,0
0,619,0
1,619,0
2,619,1
3,619,1
0,620,1
1,620,0
2,620,1
3,620,0
0,621,1
1,621,1
2,621,1
3,621,1
0,622,1
1,622,1
2,622,1
3,622,1
0,623,1
1,623,0
2,623,1
3,623,0
0,624,1
1,624,0
2,624,1
3,624,0
0,625,1
1,625,1
2,625,1
3,625,0
0,626,0
1,626,1
2,626,0
3,626,0
0,627,1
1,627,0
2,627,1
3,627,0
0,628,1
1,628,1
2,628,1
3,628,0
0,629,1
1,629,0
2,629,0
3,629,0
0,630,0
1,630,0
2,630,0
3,630,0
0,631,0
1,631,0
2,631,1
3,631,0
0,632,1
1,632,1
2,632,1
3,632,0
0,633,1
1,633,1
2,633,1
3,633,0
0,634,1
1,634,0
2,634,0
3,634,1
0,635,1
1,635,0
2,635,0
3,635,0
0,636,1
1,636,0
2,636,0
3,636,0
0,637,0
1,637,0
2,637,1
3,637,1
0,638,1
1,638,0
2,638,1
3,638,0
0,639,1
1,639,0
2,639,1
3,639,0
0,640,1
1,640,0
2,640,1
3,640,0
0,641,1
1,641,0
2,641,1
3,641,1
0,642,0
1,642,0
2,642,0
3,642,0
0,643,1
1,643,0
2,643,0
3,643,0
0,644,1
1,644,0
2,644,1
3,644,0
0,645,1
1,645,1
2,645,1
3,645,0
0,646,1
1,646,0
2,646,1
3,646,0
0,647,1
1,647,0
2,647,1
3,647,1
0,648,0
1,648,0
2,648,1
3,648,1
0,649,0
1,649,0
2,649,0
3,649,0
0,650,1
1,650,1
2,650,1
3,650,0
0,651,1
1,651,1
2,651,1
3,651,0
0,652,0
1,652,0
2,652,1
3,652,0
0,653,1
1,653,1
2,653,1
3,653,0
0,654,0
1,654,1
2,654,1
3,654,0
0,655,1
1,655,1
2,655,1
3,655,0
0,656,1
1,656,0
2,656,1
3,656,0
0,657,1
1,657,0
2,657,1
3,657,0
0,658,1
1,658,0
2,658,1
3,658,1
0,659,1
1,659,0
2,659,0
3,659,0
0,660,1
1,660,0
2,660,1
3,660,0
0,661,1
1,661,1
2,661,1
3,661,0
0,662,1
1,662,1
2,662,1
3,662,0
0,663,0
1,663,0
2,663,1
3,663,0
0,664,1
1,664,1
2,664,1
3,664,0
0,665,1
1,665,0
2,665,1
3,665,1
0,666,1
1,666,0
2,666,1
3,666,0
0,667,1
1,667,0
2,667,0
3,667,0
0,668,1
1,668,1
2,668,1
3,668,0
0,669,0
1,669,0
2,669,1
3,669,0
0,670,1
1,670,1
2,670,1
3,670,0
0,671,1
1,671,1
2,671,1
3,671,1
0,672,1
1,672,0
2,672,0
3,672,0
0,673,0
1,673,0
2,673,1
3,673,0
0,674,0
1,674,0
2,674,0
3,674,0
0,675,0
1,675,0
2,675,1
3,675,0
0,676,1
1,676,1
2,676,1
3,676,0
0,677,1
1,677,0
2,677,1
3,677,1
0,678,1
1,678,0
2,678,1
3,678,0
0,679,1
1,679,1
2,679,1
3,679,0
0,680,1
1,680,1
2,680,1
3,680,0
0,681,1
1,681,1
2,681,1
3,681,0
0,682,1
1,682,1
2,682,1
3,682,1
0,683,1
1,683,1
2,683,1
3,683,1
0,684,1
1,684,1
2,684,1
3,684,0
0,685,1
1,685,1
2,685,1
3,685,0
0,686,1
1,686,1
2,686,1
3,686,0
0,687,0
1,687,0
2,687,0
3,687,0
0,688,0
1,688,0
2,688,1
3,688,1
0,689,1
1,689,0
2,689,0
3,689,0
0,690,0
1,690,0
2,690,0
3,690,0
0,691,0
1,691,1
2,691,1
3,691,0
0,692,1
1,692,1
2,692,1
3,692,0
0,693,1
1,693,1
2,693,1
3,693,0
0,694,1
1,694,0
2,694,0
3,694,0
0,695,1
1,695,1
2,695,1
3,695,0
0,696,1
1,696,1
2,696,1
3,696,0
0,697,1
1,697,0
2,697,0
3,697,1
0,698,0
1,698,0
2,698,1
3,698,1
0,699,1
1,699,1
2,699,1
3,699,0
0,700,1
1,700,1
2,700,1
3,700,0
0,701,1
1,701,0
2,701,1
3,701,0
0,702,1
1,702,1
2,702,1
3,702,0
0,703,0
1,703,0
2,703,1
3,703,1
0,704,0
1,704,0
2,704,1
3,704,0
0,705,1
1,705,0
2,705,0
3,705,0
0,706,1
1,706,1
2,706,1
3,706,0
0,707,1
1,707,1
2,707,1
3,707,0
0,708,1
1,708,1
2,708,1
3,708,0
0,709,1
1,709,0
2,709,1
3,709,0
0,710,1
1,710,1
2,710,1
3,710,0
0,711,1
1,711,0
2,711,1
3,711,1
0,712,0
1,712,0
2,712,0
3,712,0
0,713,1
1,713,1
2,713,1
3,713,0
0,714,1
1,714,0
2,714,1
3,714,0
0,715,1
1,715,1
2,715,1
3,715,0
0,716,0
1,716,0
2,716,0
3,716,0
0,717,1
1,717,0
2,717,1
3,717,0
0,718,0
1,718,0
2,718,1
3,718,1
0,719,1
1,719,1
2,719,1
3,719,1
0,720,1
1,720,0
2,720,1
3,720,0
0,721,1
1,721,0
2,721,1
3,721,0
0,722,1
1,722,1
2,722,1
3,722,1
0,723,1
1,723,0
2,723,0
3,723,0
0,724,1
1,724,0
2,724,1
3,724,0
0,725,0
1,725,1
2,725,1
3,725,0
0,726,1
1,726,0
2,726,1
3,726,0
0,727,1
1,727,1
2,727,0
3,727,0
0,728,1
1,728,1
2,728,1
3,728,0
0,729,1
1,729,0
2,729,1
3,729,0
0,730,1
1,730,1
2,730,1
3,730,1
0,731,1
1,731,1
2,731,0
3,731,0
0,732,1
1,732,0
2,732,1
3,732,0
0,733,1
1,733,1
2,733,1
3,733,1
0,734,1
1,734,0
2,734,1
3,734,1
0,735,1
1,735,1
2,735,1
3,735,0
0,736,1
1,736,1
2,736,1
3,736,0
0,737,1
1,737,0
2,737,1
3,737,0
0,738,1
1,738,0
2,738,1
3,738,0
0,739,1
1,739,1
2,739,1
3,739,0
0,740,1
1,740,1
2,740,1
3,740,0
0,741,1
1,741,1
2,741,1
3,741,1
0,742,1
1,742,0
2,742,1
3,742,0
0,743,1
1,743,1
2,743,1
3,743,0
0,744,1
1,744,1
2,744,1
3,744,0
0,745,1
1,745,1
2,745,1
3,745,1
0,746,0
1,746,0
2,746,1
3,746,0
0,747,1
1,747,1
2,747,1
3,747,0
0,748,0
1,748,1
2,748,1
3,748,0
0,749,1
1,749,1
2,749,1
3,749,0
0,750,1
1,750,1
2,750,1
3,750,0
0,751,1
1,751,0
2,751,1
3,751,0
0,752,0
1,752,0
2,752,0
3,752,0
0,753,1
1,753,1
2,753,1
3,753,0
0,754,1
1,754,0
2,754,0
3,754,0
0,755,1
1,755,1
2,755,1
3,755,0
0,756,1
1,756,1
2,756,1
3,756,0
0,757,1
1,757,1
2,757,1
3,757,0
0,758,1
1,758,0
2,758,1
3,758,0
0,759,0
1,759,0
2,759,1
3,759,1
0,760,1
1,760,1
2,760,1
3,760,0
0,761,0
1,761,0
2,761,1
3,761,0
0,762,1
1,762,1
2,762,0
3,762,0
0,763,0
1,763,0
2,763,1
3,763,0
0,764,1
1,764,1
2,764,1
3,764,0
0,765,1
1,765,0
2,765,1
3,765,0
0,766,1
1,766,0
2,766,1
3,766,0
0,767,1
1,767,0
2,767,0
3,767,0
0,768,1
1,768,0
2,768,1
3,768,0
0,769,1
1,769,1
2,769,1
3,769,1
0,770,1
1,770,1
2,770,1
3,770,0
0,771,1
1,771,0
2,771,1
3,771,0
0,772,1
1,772,0
2,772,0
3,772,0
0,773,1
1,773,0
2,773,1
3,773,0
0,774,0
1,774,1
2,774,1
3,774,1
0,775,1
1,775,0
2,775,1
3,775,1
0,776,1
1,776,1
2,776,1
3,776,0
0,777,1
1,777,0
2,777,1
3,777,0
0,778,1
1,778,0
2,778,1
3,778,0
0,779,1
1,779,1
2,779,1
3,779,0
0,780,1
1,780,1
2,780,1
3,780,1
0,781,1
1,781,0
2,781,1
3,781,1
0,782,1
1,782,1
2,782,1
3,782,0
0,783,1
1,783,0
2,783,0
3,783,0
0,784,1
1,784,1
2,784,1
3,784,0
0,785,1
1,785,0
2,785,0
3,785,0
0,786,1
1,786,0
2,786,0
3,786,0
0,787,1
1,787,1
2,787,1
3,787,0
0,788,1
1,788,1
2,788,1
3,788,0
0,789,1
1,789,0
2,789,1
3,789,0
0,790,1
1,790,1
2,790,0
3,790,0
0,791,1
1,791,1
2,791,1
3,791,0
0,792,1
1,792,1
2,792,1
3,792,0
0,793,1
1,793,1
2,793,1
3,793,0
0,794,1
1,794,0
2,794,1
3,794,0
0,795,0
1,795,0
2,795,1
3,795,0
0,796,1
1,796,1
2,796,1
3,796,0
0,797,1
1,797,0
2,797,0
3,797,0
0,798,1
1,798,0
2,798,1
3,798,0
0,799,0
1,799,1
2,799,1
3,799,0
0,800,1
1,800,1
2,800,1
3,800,0
0,801,1
1,801,1
2,801,1
3,801,1
0,802,1
1,802,1
2,802,1
3,802,0
0,803,1
1,803,0
2,803,1
3,803,0
0,804,1
1,804,1
2,804,1
3,804,0
0,805,1
1,805,0
2,805,0
3,805,0
0,806,0
1,806,0
2,806,1
3,806,0
0,807,1
1,807,0
2,807,1
3,807,0
0,808,1
1,808,1
2,808,0
3,808,0
0,809,1
1,809,1
2,809,1
3,809,0
0,810,1
1,810,1
2,810,0
3,810,0
0,811,1
1,811,0
2,811,0
3,811,0
0,812,1
1,812,0
2,812,1
3,812,0
0,813,0
1,813,0
2,813,1
3,813,1
0,814,1
1,814,0
2,814,0
3,814,0
0,815,1
1,815,0
2,815,1
3,815,0
0,816,1
1,816,1
2,816,1
3,816,0
0,817,1
1,817,1
2,817,1
3,817,0
0,818,1
1,818,0
2,818,1
3,818,0
0,819,0
1,819,0
2,819,1
3,819,0
0,820,1
1,820,1
2,820,1
3,820,0
0,821,1
1,821,0
2,821,1
3,821,0
0,822,1
1,822,1
2,822,1
3,822,1
0,823,1
1,823,1
2,823,1
3,823,1
0,824,0
1,824,0
2,824,0
3,824,0
0,825,0
1,825,0
2,825,1
3,825,0
0,826,1
1,826,1
2,826,1
3,826,0
0,827,1
1,827,0
2,827,0
3,827,0
0,828,1
1,828,0
2,828,0
3,828,0
0,829,1
1,829,1
2,829,1
3,829,0
0,830,1
1,830,1
2,830,1
3,830,0
0,831,1
1,831,0
2,831,0
3,831,0
0,832,1
1,832,1
2,832,1
3,832,0
0,833,1
1,833,1
2,833,1
3,833,0
0,834,1
1,834,1
2,834,0
3,834,0
0,835,1
1,835,0
2,835,1
3,835,0
0,836,1
1,836,1
2,836,1
3,836,0
0,837,1
1,837,1
2,837,1
3,837,0
0,838,1
1,838,1
2,838,1
3,838,0
0,839,1
1,839,0
2,839,0
3,839,0
0,840,1
1,840,1
2,840,1
3,840,0
0,841,1
1,841,0
2,841,1
3,841,0
0,842,1
1,842,1
2,842,1
3,842,0
0,843,1
1,843,1
2,843,1
3,843,1
0,844,1
1,844,1
2,844,0
3,844,0
0,845,1
1,845,0
2,845,1
3,845,0
0,846,1
1,846,1
2,846,0
3,846,0
0,847,1
1,847,0
2,847,1
3,847,0
0,848,1
1,848,1
2,848,1
3,848,0
0,849,1
1,849,1
2,849,0
3,849,1
0,850,1
1,850,1
2,850,1
3,850,0
0,851,1
1,851,0
2,851,1
3,851,0
0,852,1
1,852,1
2,852,1
3,852,0
0,853,1
1,853,1
2,853,1
3,853,0
0,854,0
1,854,0
2,854,1
3,854,0
0,855,1
1,855,1
2,855,0
3,855,0
0,856,1
1,856,1
2,856,0
3,856,1
0,857,1
1,857,0
2,857,0
3,857,0
0,858,0
1,858,0
2,858,1
3,858,0
0,859,1
1,859,1
2,859,1
3,859,0
0,860,0
1,860,1
2,860,1
3,860,0
0,861,1
1,861,0
2,861,1
3,861,0
0,862,1
1,862,1
2,862,1
3,862,0
0,863,1
1,863,1
2,863,1
3,863,1
0,864,1
1,864,0
2,864,1
3,864,0
0,865,0
1,865,0
2,865,0
3,865,1
0,866,0
1,866,0
2,866,1
3,866,0
0,867,1
1,867,1
2,867,0
3,867,0
0,868,0
1,868,1
2,868,1
3,868,0
0,869,1
1,869,0
2,869,1
3,869,0
0,870,1
1,870,1
2,870,1
3,870,0
0,871,0
1,871,0
2,871,1
3,871,1
0,872,1
1,872,0
2,872,0
3,872,1
0,873,1
1,873,1
2,873,1
3,873,1
0,874,0
1,874,1
2,874,1
3,874,0
0,875,1
1,875,0
2,875,0
3,875,0
0,876,1
1,876,0
2,876,1
3,876,0
0,877,1
1,877,1
2,877,0
3,877,0
0,878,1
1,878,1
2,878,1
3,878,0
0,879,1
1,879,0
2,879,1
3,879,0
0,880,1
1,880,1
2,880,1
3,880,0
0,881,1
1,881,0
2,881,0
3,881,0
0,882,1
1,882,1
2,882,1
3,882,0
0,883,1
1,883,1
2,883,1
3,883,0
0,884,1
1,884,0
2,884,1
3,884,1
0,885,1
1,885,0
2,885,1
3,885,0
0,886,1
1,886,0
2,886,0
3,886,0
0,887,0
1,887,0
2,887,1
3,887,1
0,888,1
1,888,0
2,888,0
3,888,0
0,889,1
1,889,0
2,889,0
3,889,0
0,890,0
1,890,0
2,890,0
3,890,0
0,891,1
1,891,0
2,891,1
3,891,0
0,892,0
1,892,0
2,892,1
3,892,0
0,893,0
1,893,1
2,893,1
3,893,0
0,894,1
1,894,1
2,894,1
3,894,1
0,895,1
1,895,1
2,895,0
3,895,0
0,896,1
1,896,0
2,896,1
3,896,0
0,897,1
1,897,0
2,897,0
3,897,0
0,898,0
1,898,0
2,898,1
3,898,1
0,899,0
1,899,0
2,899,1
3,899,0
0,900,0
1,900,0
2,900,0
3,900,0
0,901,0
1,901,0
2,901,1
3,901,1
0,902,1
1,902,0
2,902,0
3,902,0
0,903,1
1,903,1
2,903,1
3,903,1
0,904,1
1,904,1
2,904,0
3,904,0
0,905,1
1,905,0
2,905,1
3,905,1
0,906,1
1,906,0
2,906,0
3,906,0
0,907,1
1,907,0
2,907,1
3,907,1
0,908,1
1,908,0
2,908,1
3,908,0
0,909,1
1,909,1
2,909,1
3,909,0
0,910,0
1,910,1
2,910,1
3,910,0
0,911,0
1,911,1
2,911,1
3,911,0
0,912,1
1,912,0
2,912,1
3,912,1
0,913,1
1,913,1
2,913,1
3,913,0
0,914,1
1,914,0
2,914,0
3,914,0
0,915,1
1,915,0
2,915,1
3,915,0
0,916,1
1,916,0
2,916,1
3,916,0
0,917,1
1,917,1
2,917,1
3,917,0
0,918,1
1,918,1
2,918,1
3,918,0
0,919,1
1,919,1
2,919,1
3,919,1
0,920,1
1,920,1
2,920,1
3,920,1
0,921,1
1,921,1
2,921,1
3,921,0
0,922,1
1,922,1
2,922,1
3,922,1
0,923,1
1,923,1
2,923,0
3,923,0
0,924,1
1,924,0
2,924,1
3,924,0
0,925,1
1,925,1
2,925,1
3,925,0
0,926,1
1,926,0
2,926,1
3,926,0
0,927,1
1,927,1
2,927,0
3,927,1
0,928,1
1,928,1
2,928,1
3,928,1
0,929,1
1,929,1
2,929,1
3,929,0
0,930,0
1,930,0
2,930,1
3,930,0
0,931,1
1,931,1
2,931,1
3,931,0
0,932,0
1,932,0
2,932,0
3,932,0
0,933,0
1,933,0
2,933,1
3,933,1
0,934,0
1,934,0
2,934,1
3,934,0
0,935,1
1,935,0
2,935,1
3,935,0
0,936,1
1,936,1
2,936,0
3,936,0
0,937,1
1,937,1
2,937,1
3,937,1
0,938,0
1,938,0
2,938,0
3,938,0
0,939,1
1,939,0
2,939,1
3,939,0
0,940,1
1,940,1
2,940,1
3,940,0
0,941,0
1,941,1
2,941,1
3,941,0
0,942,1
1,942,1
2,942,1
3,942,0
0,943,1
1,943,1
2,943,1
3,943,0
0,944,1
1,944,0
2,944,1
3,944,0
0,945,1
1,945,0
2,945,1
3,945,0
0,946,0
1,946,1
2,946,1
3,946,0
0,947,1
1,947,1
2,947,1
3,947,1
0,948,0
1,948,0
2,948,1
3,948,1
0,949,1
1,949,0
2,949,0
3,949,0
0,950,1
1,950,1
2,950,1
3,950,1
0,951,1
1,951,0
2,951,1
3,951,0
0,952,0
1,952,0
2,952,0
3,952,0
0,953,0
1,953,1
2,953,1
3,953,1
0,954,1
1,954,1
2,954,1
3,954,0
0,955,0
1,955,1
2,955,1
3,955,0
0,956,1
1,956,0
2,956,0
3,956,0
0,957,1
1,957,0
2,957,1
3,957,1
0,958,1
1,958,0
2,958,1
3,958,0
0,959,1
1,959,1
2,959,1
3,959,0
0,960,0
1,960,0
2,960,1
3,960,0
0,961,0
1,961,0
2,961,1
3,961,0
0,962,1
1,962,0
2,962,0
3,962,0
0,963,1
1,963,1
2,963,0
3,963,0
0,964,0
1,964,1
2,964,1
3,964,0
0,965,1
1,965,1
2,965,1
3,965,0
0,966,1
1,966,0
2,966,0
3,966,0
0,967,1
1,967,0
2,967,1
3,967,1
0,968,1
1,968,1
2,968,1
3,968,0
0,969,1
1,969,1
2,969,1
3,969,0
0,970,1
1,970,1
2,970,1
3,970,1
0,971,1
1,971,0
2,971,1
3,971,1
0,972,0
1,972,0
2,972,1
3,972,0
0,973,1
1,973,1
2,973,1
3,973,0
0,974,1
1,974,1
2,974,1
3,974,0
0,975,0
1,975,0
2,975,1
3,975,0
0,976,1
1,976,1
2,976,1
3,976,0
0,977,1
1,977,0
2,977,1
3,977,0
0,978,1
1,978,1
2,978,1
3,978,0
0,979,1
1,979,0
2,979,1
3,979,0
0,980,1
1,980,0
2,980,1
3,980,0
0,981,1
1,981,0
2,981,1
3,981,0
0,982,1
1,982,1
2,982,1
3,982,0
0,983,1
1,983,0
2,983,1
3,983,0
0,984,1
1,984,1
2,984,1
3,984,0
0,985,0
1,985,0
2,985,1
3,985,0
0,986,1
1,986,1
2,986,1
3,986,0
0,987,1
1,987,1
2,987,1
3,987,0
0,988,1
1,988,1
2,988,1
3,988,1
0,989,1
1,989,1
2,989,1
3,989,0
0,990,0
1,990,1
2,990,1
3,990,0
0,991,1
1,991,1
2,991,1
3,991,0
0,992,0
1,992,1
2,992,1
3,992,0
0,993,1
1,993,1
2,993,1
3,993,1
0,994,1
1,994,0
2,994,1
3,994,0
0,995,1
1,995,0
2,995,1
3,995,0
0,996,1
1,996,1
2,996,1
3,996,0
0,997,1
1,997,0
2,997,1
3,997,0
0,998,1
1,998,0
2,998,1
3,998,0
0,999,1
1,999,0
2,999,1
3,999,0
